TEAM,MATCH_UP,GAME_DATE,OUTCOME,MIN,PTS,FGM,FGA,FG%,3PM,3PA,3P%,FTM,FTA,FT%,OREB,DREB,REB,AST,STL,BLK,TOV,PF,+/-
ATL,ATL vs. BOS,44517,W,240,110,41,81,50.6,13,37,35.1,15,18,83.3,6,34,40,28,9,4,14,17,11
ATL,ATL vs. ORL,44515,W,240,129,47,85,55.3,14,30,46.7,21,32,65.6,9,37,46,32,10,7,11,17,18
ATL,ATL vs. MIL,44514,W,240,120,47,97,48.5,15,35,42.9,11,13,84.6,15,36,51,21,6,1,13,19,20
ATL,ATL @ DEN,44512,L,240,96,38,93,40.9,5,28,17.9,15,21,71.4,14,36,50,20,2,5,8,20,-9
ATL,ATL @ UTA,44509,L,240,98,37,85,43.5,18,35,51.4,6,10,60,6,26,32,22,6,5,13,18,-12
ATL,ATL @ GSW,44508,L,240,113,38,82,46.3,17,43,39.5,20,26,76.9,3,32,35,21,6,2,18,16,-14
ATL,ATL @ PHX,44506,L,240,117,42,97,43.3,13,33,39.4,20,23,87,14,36,50,18,3,1,12,16,-4
ATL,ATL vs. UTA,44504,L,240,98,35,82,42.7,7,28,25,21,26,80.8,5,27,32,18,11,4,9,24,-18
ATL,ATL @ BKN,44503,L,240,108,41,94,43.6,13,35,37.1,13,15,86.7,12,40,52,23,8,4,14,16,-9
ATL,ATL vs. WAS,44501,W,240,118,38,83,45.8,13,34,38.2,29,29,100,13,34,47,24,9,5,11,17,7
ATL,ATL @ PHI,44499,L,240,94,36,95,37.9,8,22,36.4,14,19,73.7,20,29,49,24,6,1,19,17,-28
ATL,ATL @ WAS,44497,L,240,111,48,88,54.5,6,21,28.6,9,14,64.3,6,37,43,26,4,3,13,16,-11
ATL,ATL @ NOP,44496,W,240,102,40,96,41.7,8,30,26.7,14,17,82.4,21,34,55,21,4,4,11,14,3
ATL,ATL vs. DET,44494,W,240,122,46,90,51.1,12,32,37.5,18,21,85.7,10,39,49,24,11,3,16,19,18
ATL,ATL @ CLE,44492,L,240,95,38,99,38.4,10,34,29.4,9,15,60,17,37,54,20,5,3,9,23,-6
ATL,ATL vs. DAL,44490,W,240,113,45,94,47.9,15,35,42.9,8,9,88.9,6,49,55,31,8,9,13,16,26
BOS,BOS @ ATL,44517,L,240,99,37,85,43.5,11,42,26.2,14,17,82.4,12,30,42,24,9,2,14,17,-11
BOS,BOS @ CLE,44515,W,240,98,36,78,46.2,10,29,34.5,16,20,80,6,40,46,23,7,6,14,16,6
BOS,BOS @ CLE,44513,L,240,89,33,78,42.3,6,23,26.1,17,18,94.4,10,37,47,20,7,3,20,16,-2
BOS,BOS vs. MIL,44512,W,265,122,47,96,49,12,41,29.3,16,18,88.9,16,37,53,22,5,7,17,12,9
BOS,BOS vs. TOR,44510,W,240,104,42,94,44.7,10,29,34.5,10,15,66.7,12,32,44,21,10,5,15,13,16
BOS,BOS @ DAL,44506,L,240,104,42,86,48.8,9,31,29,11,16,68.8,8,28,36,20,6,2,11,14,-3
BOS,BOS @ MIA,44504,W,240,95,31,78,39.7,16,41,39,17,20,85,11,35,46,16,7,4,16,16,17
BOS,BOS @ ORL,44503,W,240,92,33,79,41.8,10,37,27,16,25,64,9,41,50,24,7,9,11,20,13
BOS,BOS vs. CHI,44501,L,240,114,42,96,43.8,15,33,45.5,15,20,75,13,25,38,20,10,1,9,15,-14
BOS,BOS @ WAS,44499,L,290,112,44,107,41.1,2,26,7.7,22,25,88,8,46,54,23,8,10,12,32,-3
BOS,BOS vs. WAS,44496,L,240,107,37,85,43.5,10,29,34.5,23,28,82.1,10,27,37,18,9,5,13,21,-9
BOS,BOS @ CHA,44494,W,265,140,50,101,49.5,19,50,38,21,25,84,11,42,53,33,8,9,12,23,11
BOS,BOS @ HOU,44493,W,240,107,38,86,44.2,15,47,31.9,16,20,80,6,37,43,22,10,6,12,22,10
BOS,BOS vs. TOR,44491,L,240,83,32,82,39,11,34,32.4,8,11,72.7,10,32,42,19,6,12,25,19,-32
BOS,BOS @ NYK,44489,L,290,134,48,117,41,21,57,36.8,17,23,73.9,15,41,56,34,13,9,18,24,-4
BKN,BKN vs. CLE,44517,,180,109,38,83,45.8,12,32,37.5,21,25,84,8,39,47,29,7,3,12,20,10
BKN,BKN vs. GSW,44516,L,240,99,34,88,38.6,10,36,27.8,21,27,77.8,9,29,38,21,12,2,12,23,-18
BKN,BKN @ OKC,44514,W,240,120,41,82,50,18,43,41.9,20,21,95.2,7,37,44,31,8,3,15,15,24
BKN,BKN @ NOP,44512,W,240,120,41,82,50,18,34,52.9,20,27,74.1,7,27,34,27,9,4,12,20,8
BKN,BKN @ ORL,44510,W,240,123,46,91,50.5,16,37,43.2,15,17,88.2,8,41,49,29,8,5,15,18,33
BKN,BKN @ CHI,44508,L,240,95,34,86,39.5,11,33,33.3,16,19,84.2,6,36,42,19,6,7,15,16,-23
BKN,BKN @ TOR,44507,W,240,116,41,80,51.3,17,38,44.7,17,20,85,12,36,48,29,3,0,16,15,13
BKN,BKN @ DET,44505,W,240,96,36,80,45,11,27,40.7,13,14,92.9,4,41,45,25,3,4,17,21,6
BKN,BKN vs. ATL,44503,W,240,117,43,88,48.9,22,48,45.8,9,12,75,7,35,42,34,7,8,16,18,9
BKN,BKN vs. DET,44500,W,240,117,47,72,65.3,13,25,52,10,16,62.5,2,39,41,30,7,2,20,19,26
BKN,BKN vs. IND,44498,W,240,105,34,76,44.7,6,26,23.1,31,41,75.6,10,40,50,20,9,6,18,21,7
BKN,BKN vs. MIA,44496,L,240,93,33,85,38.8,14,43,32.6,13,14,92.9,4,38,42,21,7,7,16,24,-13
BKN,BKN vs. WAS,44494,W,240,104,40,94,42.6,10,35,28.6,14,17,82.4,7,47,54,23,6,4,9,19,14
BKN,BKN vs. CHA,44493,L,240,95,38,87,43.7,9,35,25.7,10,12,83.3,9,35,44,18,10,8,17,19,-16
BKN,BKN @ PHI,44491,W,240,114,41,88,46.6,12,38,31.6,20,24,83.3,11,36,47,26,6,6,13,16,5
BKN,BKN @ MIL,44488,L,240,104,37,84,44,17,32,53.1,13,23,56.5,5,39,44,19,3,9,13,17,-23
CHA,CHA vs. WAS,44517,W,240,97,42,96,43.8,10,32,31.3,3,6,50,16,43,59,30,6,8,11,16,10
CHA,CHA vs. GSW,44514,W,240,106,42,88,47.7,14,36,38.9,8,12,66.7,4,35,39,23,10,2,13,21,4
CHA,CHA vs. NYK,44512,W,240,104,39,90,43.3,10,36,27.8,16,24,66.7,12,37,49,25,10,5,14,18,8
CHA,CHA @ MEM,44510,W,240,118,41,90,45.6,15,36,41.7,21,24,87.5,9,40,49,32,13,7,17,16,10
CHA,CHA @ LAL,44508,L,265,123,43,99,43.4,14,42,33.3,23,28,82.1,14,41,55,23,5,3,18,23,-3
CHA,CHA @ LAC,44507,L,240,106,41,101,40.6,10,33,30.3,14,18,77.8,12,32,44,20,13,2,13,21,-14
CHA,CHA @ SAC,44505,L,240,110,43,92,46.7,11,35,31.4,13,21,61.9,7,21,28,29,8,5,10,19,-30
CHA,CHA @ GSW,44503,L,240,92,34,91,37.4,10,36,27.8,14,19,73.7,9,40,49,18,10,2,16,14,-22
CHA,CHA vs. CLE,44501,L,240,110,42,101,41.6,15,39,38.5,11,15,73.3,20,26,46,27,12,12,17,23,-3
CHA,CHA vs. POR,44500,W,240,125,46,89,51.7,20,42,47.6,13,21,61.9,10,34,44,36,4,6,9,18,12
CHA,CHA @ MIA,44498,L,240,99,35,90,38.9,13,37,35.1,16,22,72.7,11,26,37,21,8,6,11,17,-15
CHA,CHA @ ORL,44496,W,240,120,43,83,51.8,14,30,46.7,20,24,83.3,10,30,40,22,14,4,17,14,9
CHA,CHA vs. BOS,44494,L,265,129,46,103,44.7,19,44,43.2,18,28,64.3,14,38,52,26,4,6,14,25,-11
CHA,CHA @ BKN,44493,W,240,111,43,94,45.7,10,30,33.3,15,19,78.9,10,38,48,26,10,5,12,17,16
CHA,CHA @ CLE,44491,W,240,123,48,91,52.7,13,32,40.6,14,17,82.4,11,35,46,32,13,1,18,16,11
CHA,CHA vs. IND,44489,W,240,123,46,107,43,13,31,41.9,18,27,66.7,12,34,46,29,9,5,8,21,1
CHI,CHI @ LAL,44515,W,240,121,49,89,55.1,15,34,44.1,8,11,72.7,4,32,36,31,9,2,17,21,18
CHI,CHI @ LAC,44514,W,240,100,38,86,44.2,11,29,37.9,13,14,92.9,7,38,45,19,9,4,15,20,10
CHI,CHI @ GSW,44512,L,240,93,34,78,43.6,8,27,29.6,17,22,77.3,7,31,38,18,9,2,20,16,-26
CHI,CHI vs. DAL,44510,W,240,117,45,89,50.6,15,31,48.4,12,14,85.7,8,38,46,26,9,2,11,15,10
CHI,CHI vs. BKN,44508,W,240,118,46,98,46.9,9,31,29,17,20,85,15,41,56,21,8,5,9,17,23
CHI,CHI vs. PHI,44506,L,240,105,37,92,40.2,7,29,24.1,24,30,80,18,28,46,20,7,1,9,19,-9
CHI,CHI @ PHI,44503,L,240,98,38,82,46.3,6,21,28.6,16,18,88.9,9,38,47,19,11,4,16,17,-5
CHI,CHI @ BOS,44501,W,240,128,49,86,57,13,31,41.9,17,18,94.4,10,40,50,30,7,8,18,19,14
CHI,CHI vs. UTA,44499,W,240,107,39,91,42.9,5,21,23.8,24,30,80,9,36,45,16,8,5,9,19,8
CHI,CHI vs. NYK,44497,L,240,103,36,84,42.9,11,32,34.4,20,22,90.9,5,32,37,25,6,5,7,18,-1
CHI,CHI @ TOR,44494,W,240,111,39,81,48.1,12,27,44.4,21,22,95.5,5,24,29,24,11,3,13,16,3
CHI,CHI vs. DET,44492,W,240,97,35,84,41.7,11,26,42.3,16,19,84.2,3,39,42,24,13,11,13,17,15
CHI,CHI vs. NOP,44491,W,240,128,47,89,52.8,14,28,50,20,25,80,11,35,46,32,9,7,14,14,16
CHI,CHI @ DET,44489,W,240,94,37,86,43,7,23,30.4,13,15,86.7,9,39,48,18,8,5,17,19,6
CLE,CLE @ BKN,44517,,180,99,35,89,39.3,11,44,25,18,21,85.7,12,38,50,20,9,1,14,17,-10
CLE,CLE vs. BOS,44515,L,240,92,32,83,38.6,16,40,40,12,16,75,7,35,42,18,6,3,14,18,-6
CLE,CLE vs. BOS,44513,W,240,91,31,81,38.3,10,38,26.3,19,22,86.4,9,30,39,17,10,4,11,19,2
CLE,CLE vs. DET,44512,W,240,98,39,82,47.6,14,41,34.1,6,9,66.7,8,32,40,27,12,6,21,11,20
CLE,CLE vs. WAS,44510,L,240,94,35,76,46.1,9,31,29,15,21,71.4,6,34,40,21,7,4,15,18,-3
CLE,CLE @ NYK,44507,W,240,126,49,90,54.4,19,35,54.3,9,11,81.8,11,37,48,31,8,2,17,18,17
CLE,CLE @ TOR,44505,W,240,102,38,83,45.8,10,30,33.3,16,19,84.2,11,28,39,22,4,3,18,13,1
CLE,CLE vs. POR,44503,W,240,107,39,74,52.7,15,30,50,14,18,77.8,5,38,43,29,4,2,19,14,3
CLE,CLE @ CHA,44501,W,240,113,39,90,43.3,9,28,32.1,26,38,68.4,17,32,49,21,12,7,16,14,3
CLE,CLE @ PHX,44499,L,240,92,36,91,39.6,14,44,31.8,6,7,85.7,10,37,47,21,8,3,19,21,-9
CLE,CLE @ LAL,44498,L,240,101,37,87,42.5,12,34,35.3,15,22,68.2,16,20,36,28,10,1,15,13,-12
CLE,CLE @ LAC,44496,W,240,92,33,81,40.7,3,20,15,23,27,85.2,14,43,57,12,9,3,21,14,13
CLE,CLE @ DEN,44494,W,240,99,38,82,46.3,7,25,28,16,20,80,11,38,49,26,8,5,16,18,12
CLE,CLE vs. ATL,44492,W,240,101,37,89,41.6,7,28,25,20,27,74.1,12,42,54,23,6,6,10,16,6
CLE,CLE vs. CHA,44491,L,240,112,43,84,51.2,9,31,29,17,20,85,7,29,36,26,9,3,19,15,-11
CLE,CLE @ MEM,44489,L,240,121,47,93,50.5,14,38,36.8,13,18,72.2,7,29,36,38,6,5,11,17,-11
DAL,DAL vs. DEN,44515,W,240,111,45,90,50,14,36,38.9,7,10,70,10,34,44,30,7,2,9,19,10
DAL,DAL @ SAS,44512,W,240,123,46,100,46,18,45,40,13,19,68.4,10,38,48,30,9,7,6,18,14
DAL,DAL @ CHI,44510,L,240,107,38,83,45.8,12,33,36.4,19,24,79.2,8,35,43,23,9,4,12,16,-10
DAL,DAL vs. NOP,44508,W,240,108,43,85,50.6,14,35,40,8,13,61.5,9,37,46,27,7,3,13,15,16
DAL,DAL vs. BOS,44506,W,240,107,41,78,52.6,13,39,33.3,12,14,85.7,7,33,40,19,7,6,15,18,3
DAL,DAL @ SAS,44503,W,240,109,40,93,43,8,34,23.5,21,29,72.4,15,41,56,21,10,4,19,23,1
DAL,DAL vs. MIA,44502,L,240,110,37,84,44,14,42,33.3,22,31,71,11,30,41,17,1,3,10,21,-15
DAL,DAL vs. SAC,44500,W,240,105,40,90,44.4,12,37,32.4,13,20,65,10,35,45,24,8,4,10,20,6
DAL,DAL @ DEN,44498,L,240,75,23,78,29.5,8,37,21.6,21,27,77.8,6,30,36,14,8,3,15,17,-31
DAL,DAL vs. SAS,44497,W,240,104,41,89,46.1,18,45,40,4,13,30.8,9,36,45,18,4,7,13,19,5
DAL,DAL vs. HOU,44495,W,240,116,43,93,46.2,12,43,27.9,18,25,72,14,36,50,25,9,7,15,22,10
DAL,DAL @ TOR,44492,W,240,103,38,91,41.8,14,42,33.3,13,18,72.2,13,37,50,24,6,6,9,22,8
DAL,DAL @ ATL,44490,L,240,87,31,93,33.3,13,43,30.2,12,13,92.3,10,40,50,16,7,3,15,21,-26
DEN,DEN @ DAL,44515,L,240,101,40,84,47.6,9,32,28.1,12,17,70.6,10,36,46,20,4,5,12,16,-10
DEN,DEN vs. POR,44514,W,240,124,47,90,52.2,19,40,47.5,11,14,78.6,14,35,49,29,9,1,11,14,29
DEN,DEN vs. ATL,44512,W,240,105,40,90,44.4,10,35,28.6,15,20,75,10,39,49,26,6,5,8,21,9
DEN,DEN vs. IND,44510,W,240,101,36,84,42.9,12,30,40,17,20,85,11,28,39,19,5,4,10,14,3
DEN,DEN vs. MIA,44508,W,240,113,42,91,46.2,12,41,29.3,17,24,70.8,12,37,49,28,7,5,10,23,17
DEN,DEN vs. HOU,44506,W,240,95,36,89,40.4,9,40,22.5,14,17,82.4,10,35,45,19,10,5,11,20,1
DEN,DEN @ MEM,44503,L,240,106,43,91,47.3,8,27,29.6,12,13,92.3,11,33,44,24,7,4,12,16,-2
DEN,DEN @ MEM,44501,L,240,97,39,88,44.3,9,38,23.7,10,15,66.7,6,34,40,27,8,8,12,10,-9
DEN,DEN @ MIN,44499,W,240,93,36,88,40.9,9,37,24.3,12,16,75,14,34,48,24,11,10,18,15,2
DEN,DEN vs. DAL,44498,W,240,106,43,83,51.8,11,36,30.6,9,13,69.2,5,46,51,28,8,3,20,24,31
DEN,DEN @ UTA,44495,L,240,110,42,83,50.6,10,28,35.7,16,24,66.7,5,30,35,19,9,3,13,23,-12
DEN,DEN vs. CLE,44494,L,240,87,35,86,40.7,9,38,23.7,8,12,66.7,11,36,47,21,10,3,22,22,-12
DEN,DEN vs. SAS,44491,W,240,102,44,86,51.2,9,30,30,5,8,62.5,8,33,41,26,10,2,21,21,6
DEN,DEN @ PHX,44489,W,240,110,44,83,53,17,39,43.6,5,9,55.6,6,40,46,25,9,1,19,20,12
DET,DET vs. IND,44517,W,240,97,34,80,42.5,8,28,28.6,21,28,75,8,34,42,16,13,5,13,20,8
DET,DET vs. SAC,44515,L,240,107,39,96,40.6,13,47,27.7,16,17,94.1,16,31,47,23,7,2,18,10,-22
DET,DET @ TOR,44513,W,240,127,43,79,54.4,15,35,42.9,26,30,86.7,9,25,34,34,5,6,14,23,6
DET,DET @ CLE,44512,L,240,78,29,79,36.7,9,30,30,11,13,84.6,10,33,43,18,12,5,23,13,-20
DET,DET @ HOU,44510,W,240,112,42,97,43.3,16,48,33.3,12,18,66.7,16,33,49,23,6,6,14,26,8
DET,DET vs. BKN,44505,L,240,90,33,87,37.9,11,34,32.4,13,18,72.2,7,37,44,17,11,6,14,22,-6
DET,DET vs. PHI,44504,L,240,98,35,87,40.2,11,36,30.6,17,19,89.5,12,29,41,21,6,2,11,18,-11
DET,DET vs. MIL,44502,L,240,89,30,93,32.3,8,47,17,21,30,70,14,29,43,21,5,5,14,22,-28
DET,DET @ BKN,44500,L,240,91,32,79,40.5,12,33,36.4,15,22,68.2,7,22,29,21,12,3,15,18,-26
DET,DET vs. ORL,44499,W,240,110,36,89,40.4,14,43,32.6,24,30,80,17,31,48,26,12,6,16,18,7
DET,DET @ PHI,44497,L,240,102,35,86,40.7,13,39,33.3,19,27,70.4,10,27,37,22,11,4,14,22,-8
DET,DET @ ATL,44494,L,240,104,40,91,44,9,33,27.3,15,18,83.3,11,25,36,26,7,6,14,15,-18
DET,DET @ CHI,44492,L,240,82,34,88,38.6,5,28,17.9,9,15,60,11,42,53,14,9,8,23,17,-15
DET,DET vs. CHI,44489,L,240,88,36,90,40,6,28,21.4,10,13,76.9,11,36,47,17,7,5,17,16,-6
GSW,GSW @ BKN,44516,W,240,117,41,79,51.9,13,40,32.5,22,28,78.6,9,44,53,25,4,8,22,27,18
GSW,GSW @ CHA,44514,L,240,102,38,90,42.2,9,39,23.1,17,25,68,11,38,49,31,8,7,15,17,-4
GSW,GSW vs. CHI,44512,W,240,119,45,93,48.4,15,46,32.6,14,16,87.5,12,35,47,27,15,3,16,15,26
GSW,GSW vs. MIN,44510,W,240,123,40,85,47.1,11,40,27.5,32,40,80,20,33,53,23,14,6,16,21,13
GSW,GSW vs. ATL,44508,W,240,127,44,92,47.8,18,44,40.9,21,22,95.5,10,29,39,31,13,4,14,22,14
GSW,GSW vs. HOU,44507,W,240,120,44,85,51.8,15,46,32.6,17,20,85,7,34,41,31,12,3,17,28,13
GSW,GSW vs. NOP,44505,W,240,126,47,91,51.6,20,50,40,12,14,85.7,9,40,49,36,10,4,11,16,41
GSW,GSW vs. CHA,44503,W,240,114,42,86,48.8,18,45,40,12,18,66.7,7,46,53,33,14,4,17,17,22
GSW,GSW vs. OKC,44499,W,240,103,39,92,42.4,21,54,38.9,4,8,50,10,46,56,30,9,8,16,21,21
GSW,GSW vs. MEM,44497,L,265,101,39,90,43.3,14,40,35,9,12,75,7,41,48,29,8,7,23,17,-3
GSW,GSW @ OKC,44495,W,240,106,39,83,47,14,40,35,14,18,77.8,7,39,46,30,9,8,15,20,8
GSW,GSW @ SAC,44493,W,240,119,43,97,44.3,13,37,35.1,20,24,83.3,14,29,43,26,12,3,7,13,12
GSW,GSW vs. LAC,44490,W,240,115,43,83,51.8,15,31,48.4,14,22,63.6,10,43,53,27,5,4,21,20,2
GSW,GSW @ LAL,44488,W,240,121,41,93,44.1,14,39,35.9,25,30,83.3,9,41,50,30,9,2,17,18,7
HOU,HOU @ OKC,44517,,180,71,27,75,36,11,36,30.6,6,11,54.5,9,31,40,14,4,4,13,9,-9
HOU,HOU @ MEM,44515,L,240,102,36,95,37.9,11,38,28.9,19,26,73.1,14,32,46,24,6,5,18,16,-34
HOU,HOU vs. PHX,44514,L,240,89,35,85,41.2,7,32,21.9,12,18,66.7,9,39,48,19,7,5,23,19,-26
HOU,HOU vs. POR,44512,L,240,92,34,85,40,7,32,21.9,17,27,63,9,40,49,13,6,6,13,23,-12
HOU,HOU vs. DET,44510,L,240,104,35,82,42.7,12,34,35.3,22,34,64.7,8,34,42,17,5,5,16,20,-8
HOU,HOU @ GSW,44507,L,240,107,36,79,45.6,10,33,30.3,25,37,67.6,12,30,42,17,11,3,21,16,-13
HOU,HOU @ DEN,44506,L,240,94,35,75,46.7,8,28,28.6,16,24,66.7,7,40,47,19,8,6,17,16,-1
HOU,HOU @ PHX,44504,L,240,111,38,88,43.2,11,32,34.4,24,28,85.7,7,36,43,25,4,4,19,21,-12
HOU,HOU @ LAL,44502,L,240,117,48,91,52.7,16,42,38.1,5,12,41.7,11,27,38,27,8,4,25,21,-2
HOU,HOU @ LAL,44500,L,240,85,32,76,42.1,6,28,21.4,15,29,51.7,10,45,55,18,8,3,27,18,-10
HOU,HOU vs. UTA,44497,L,240,91,31,95,32.6,9,44,20.5,20,23,87,13,28,41,15,8,3,11,24,-31
HOU,HOU @ DAL,44495,L,240,106,36,86,41.9,16,39,41,18,26,69.2,11,38,49,24,7,3,17,21,-10
HOU,HOU vs. BOS,44493,L,240,97,32,75,42.7,14,32,43.8,19,24,79.2,5,35,40,20,7,4,20,20,-10
HOU,HOU vs. OKC,44491,W,240,124,48,95,50.5,17,38,44.7,11,14,78.6,10,44,54,29,12,10,17,18,33
HOU,HOU @ MIN,44489,L,240,106,40,88,45.5,11,33,33.3,15,22,68.2,12,29,41,21,13,3,24,25,-18
IND,IND @ DET,44517,L,240,89,33,79,41.8,9,37,24.3,14,19,73.7,7,36,43,14,5,5,18,22,-8
IND,IND @ NYK,44515,L,240,84,32,86,37.2,8,37,21.6,12,16,75,9,35,44,16,6,6,9,15,-8
IND,IND vs. PHI,44513,W,240,118,47,82,57.3,14,28,50,10,15,66.7,7,30,37,33,7,10,15,21,5
IND,IND @ UTA,44511,W,240,111,43,96,44.8,11,31,35.5,14,19,73.7,15,38,53,19,7,5,13,23,11
IND,IND @ DEN,44510,L,240,98,40,84,47.6,11,31,35.5,7,11,63.6,10,38,48,22,5,11,15,19,-3
IND,IND @ SAC,44507,W,240,94,37,83,44.6,6,25,24,14,18,77.8,13,41,54,13,8,7,21,24,3
IND,IND @ POR,44505,L,240,106,43,88,48.9,14,42,33.3,6,10,60,7,33,40,28,8,2,11,18,-4
IND,IND vs. NYK,44503,W,240,111,42,91,46.2,16,41,39,11,14,78.6,10,39,49,26,7,7,13,22,13
IND,IND vs. SAS,44501,W,240,131,52,91,57.1,18,38,47.4,9,12,75,10,29,39,37,11,4,16,19,13
IND,IND vs. TOR,44499,L,240,94,35,81,43.2,13,43,30.2,11,16,68.8,8,32,40,25,8,10,20,17,-3
IND,IND @ BKN,44498,L,240,98,37,93,39.8,8,29,27.6,16,23,69.6,11,35,46,20,9,7,14,27,-7
IND,IND @ TOR,44496,L,240,100,38,79,48.1,10,29,34.5,14,17,82.4,9,31,40,19,6,7,23,19,-18
IND,IND vs. MIL,44494,L,240,109,40,90,44.4,14,36,38.9,15,17,88.2,12,35,47,23,6,1,19,24,-10
IND,IND vs. MIA,44492,W,265,102,38,97,39.2,10,39,25.6,16,21,76.2,14,41,55,18,10,5,16,18,11
IND,IND @ WAS,44491,L,265,134,52,97,53.6,15,34,44.1,15,20,75,7,35,42,28,5,6,12,22,-1
IND,IND @ CHA,44489,L,240,122,42,90,46.7,17,47,36.2,21,24,87.5,8,43,51,29,2,10,17,24,-1
LAC,LAC vs. SAS,44516,W,240,106,37,85,43.5,12,38,31.6,20,22,90.9,6,46,52,16,9,3,21,13,14
LAC,LAC vs. CHI,44514,L,240,90,29,81,35.8,11,34,32.4,21,21,100,9,35,44,16,7,7,20,15,-10
LAC,LAC vs. MIN,44513,W,240,129,53,99,53.5,16,40,40,7,9,77.8,11,46,57,35,6,8,14,17,27
LAC,LAC vs. MIA,44511,W,240,112,43,91,47.3,11,37,29.7,15,17,88.2,9,33,42,20,9,9,12,14,3
LAC,LAC vs. POR,44509,W,240,117,44,85,51.8,16,30,53.3,13,19,68.4,5,38,43,25,5,0,8,17,8
LAC,LAC vs. CHA,44507,W,240,120,41,86,47.7,18,48,37.5,20,21,95.2,7,43,50,24,8,5,20,16,14
LAC,LAC @ MIN,44505,W,240,104,36,88,40.9,6,28,21.4,26,32,81.3,15,47,62,18,12,4,17,16,20
LAC,LAC @ MIN,44503,W,240,126,47,78,60.3,21,36,58.3,11,12,91.7,3,32,35,33,6,7,21,14,11
LAC,LAC vs. OKC,44501,W,240,99,35,92,38,15,42,35.7,14,19,73.7,13,38,51,18,8,5,14,14,5
LAC,LAC @ POR,44498,L,240,92,34,87,39.1,15,42,35.7,9,16,56.3,6,37,43,17,7,5,13,14,-19
LAC,LAC vs. CLE,44496,L,240,79,31,87,35.6,9,41,22,8,13,61.5,9,27,36,19,13,2,14,24,-13
LAC,LAC vs. POR,44494,W,240,116,44,93,47.3,14,43,32.6,14,19,73.7,5,38,43,37,21,6,17,23,30
LAC,LAC vs. MEM,44492,L,240,114,43,99,43.4,13,39,33.3,15,17,88.2,14,30,44,23,7,4,7,21,-6
LAC,LAC @ GSW,44490,L,240,113,42,96,43.8,14,40,35,15,21,71.4,8,31,39,24,9,2,7,25,-2
LAL,LAL @ MIL,44517,,180,95,38,89,42.7,12,41,29.3,7,8,87.5,10,34,44,24,7,4,13,16,-6
LAL,LAL vs. CHI,44515,L,240,103,36,79,45.6,6,32,18.8,25,31,80.6,8,35,43,19,10,5,19,15,-18
LAL,LAL vs. SAS,44514,W,240,114,43,83,51.8,15,31,48.4,13,17,76.5,9,37,46,28,6,5,16,16,8
LAL,LAL vs. MIN,44512,L,240,83,29,82,35.4,9,41,22,16,20,80,11,33,44,17,12,8,20,14,-24
LAL,LAL vs. MIA,44510,W,265,120,46,92,50,18,38,47.4,10,16,62.5,9,41,50,26,5,6,23,27,3
LAL,LAL vs. CHA,44508,W,265,126,44,91,48.4,13,32,40.6,25,35,71.4,8,43,51,30,11,8,15,23,3
LAL,LAL @ POR,44506,L,240,90,31,90,34.4,9,32,28.1,19,24,79.2,11,48,59,20,8,5,19,17,-15
LAL,LAL vs. OKC,44504,L,240,104,39,94,41.5,12,33,36.4,14,17,82.4,16,33,49,22,8,5,14,21,-3
LAL,LAL vs. HOU,44502,W,240,119,49,93,52.7,6,25,24,15,20,75,11,32,43,26,10,4,17,19,2
LAL,LAL vs. HOU,44500,W,240,95,39,96,40.6,9,31,29,8,13,61.5,10,33,43,22,15,9,14,20,10
LAL,LAL vs. CLE,44498,W,240,113,46,84,54.8,12,27,44.4,9,10,90,11,31,42,24,9,6,22,20,12
LAL,LAL @ OKC,44496,L,240,115,46,92,50,11,35,31.4,12,14,85.7,10,30,40,29,8,2,17,22,-8
LAL,LAL @ SAS,44495,W,265,125,50,105,47.6,8,30,26.7,17,22,77.3,9,47,56,20,8,10,13,21,4
LAL,LAL vs. MEM,44493,W,240,121,45,84,53.6,16,30,53.3,15,22,68.2,9,27,36,29,10,12,17,14,3
LAL,LAL vs. PHX,44491,L,240,105,34,86,39.5,15,34,44.1,22,29,75.9,12,34,46,25,7,3,16,26,-10
LAL,LAL vs. GSW,44488,L,240,114,45,95,47.4,15,42,35.7,9,19,47.4,5,40,45,21,7,4,18,25,-7
MEM,MEM vs. HOU,44515,W,240,136,52,96,54.2,16,41,39,16,20,80,7,42,49,33,14,8,10,21,34
MEM,MEM @ NOP,44513,L,240,101,38,88,43.2,8,24,33.3,17,21,81,13,26,39,21,6,6,9,19,-11
MEM,MEM vs. PHX,44512,L,240,94,37,98,37.8,7,33,21.2,13,23,56.5,17,42,59,19,6,6,15,16,-25
MEM,MEM vs. CHA,44510,L,240,108,45,107,42.1,9,38,23.7,9,15,60,20,37,57,27,14,8,16,18,-10
MEM,MEM vs. MIN,44508,W,265,125,46,92,50,11,28,39.3,22,26,84.6,15,36,51,28,7,8,16,22,7
MEM,MEM @ WAS,44505,L,240,87,34,96,35.4,6,31,19.4,13,17,76.5,12,27,39,19,12,4,9,15,-28
MEM,MEM vs. DEN,44503,W,240,108,42,81,51.9,16,34,47.1,8,14,57.1,3,33,36,28,9,7,12,16,2
MEM,MEM vs. DEN,44501,W,240,106,44,97,45.4,13,34,38.2,5,7,71.4,11,44,55,20,8,4,13,18,9
MEM,MEM vs. MIA,44499,L,240,103,34,88,38.6,16,50,32,19,21,90.5,8,24,32,26,14,7,14,17,-26
MEM,MEM @ GSW,44497,W,265,104,39,97,40.2,12,48,25,14,14,100,10,41,51,25,17,9,18,14,3
MEM,MEM @ POR,44496,L,240,96,35,96,36.5,17,50,34,9,19,47.4,21,29,50,27,9,3,22,25,-20
MEM,MEM @ LAL,44493,L,240,118,45,100,45,13,35,37.1,15,18,83.3,18,31,49,25,13,4,17,20,-3
MEM,MEM @ LAC,44492,W,240,120,42,90,46.7,15,36,41.7,21,25,84,13,35,48,26,5,3,11,19,6
MEM,MEM vs. CLE,44489,W,240,132,53,100,53,14,33,42.4,12,12,100,13,40,53,28,8,8,12,15,11
MIA,MIA vs. NOP,44517,,180,100,37,81,45.7,12,37,32.4,14,17,82.4,9,27,36,25,6,2,10,23,14
MIA,MIA @ OKC,44515,W,240,103,37,82,45.1,18,40,45,11,13,84.6,8,37,45,22,11,5,19,13,13
MIA,MIA @ UTA,44513,W,240,111,42,85,49.4,13,33,39.4,14,16,87.5,13,35,48,23,6,3,21,25,6
MIA,MIA @ LAC,44511,L,240,109,43,97,44.3,9,41,22,14,17,82.4,18,32,50,18,9,4,15,21,-3
MIA,MIA @ LAL,44510,L,265,117,40,96,41.7,10,37,27,27,35,77.1,11,36,47,26,14,2,14,25,-3
MIA,MIA @ DEN,44508,L,240,96,31,78,39.7,13,36,36.1,21,25,84,6,31,37,22,3,3,13,20,-17
MIA,MIA vs. UTA,44506,W,240,118,47,78,60.3,11,21,52.4,13,17,76.5,7,29,36,30,3,1,14,18,3
MIA,MIA vs. BOS,44504,L,240,78,28,81,34.6,9,41,22,13,19,68.4,13,32,45,18,8,0,18,19,-17
MIA,MIA @ DAL,44502,W,240,125,43,83,51.8,13,25,52,26,30,86.7,9,36,45,25,6,5,7,25,15
MIA,MIA @ MEM,44499,W,240,129,46,88,52.3,21,37,56.8,16,19,84.2,11,39,50,31,12,2,18,17,26
MIA,MIA vs. CHA,44498,W,240,114,43,91,47.3,9,35,25.7,19,19,100,16,44,60,23,6,3,18,20,15
MIA,MIA @ BKN,44496,W,240,106,38,96,39.6,8,29,27.6,22,26,84.6,17,45,62,21,6,2,15,19,13
MIA,MIA vs. ORL,44494,W,240,107,41,87,47.1,6,27,22.2,19,19,100,9,33,42,28,10,2,11,19,17
MIA,MIA @ IND,44492,L,265,91,35,91,38.5,9,33,27.3,12,14,85.7,10,45,55,18,4,2,22,25,-11
MIA,MIA vs. MIL,44490,W,240,137,51,96,53.1,15,35,42.9,20,31,64.5,11,47,58,28,8,2,11,26,42
MIL,MIL vs. LAL,44517,,180,101,38,82,46.3,12,35,34.3,13,20,65,9,38,47,21,9,4,14,8,6
MIL,MIL @ ATL,44514,L,240,100,38,84,45.2,14,41,34.1,10,16,62.5,4,26,30,24,8,3,11,17,-20
MIL,MIL @ BOS,44512,L,265,113,44,98,44.9,16,47,34,9,11,81.8,12,27,39,23,7,3,13,19,-9
MIL,MIL @ NYK,44510,W,240,112,40,90,44.4,26,50,52,6,9,66.7,13,37,50,29,4,4,15,17,12
MIL,MIL @ PHI,44509,W,240,118,44,95,46.3,15,39,38.5,15,21,71.4,12,40,52,21,5,6,9,10,9
MIL,MIL @ WAS,44507,L,240,94,37,94,39.4,10,36,27.8,10,18,55.6,16,33,49,17,14,3,13,10,-7
MIL,MIL vs. NYK,44505,L,240,98,33,82,40.2,16,43,37.2,16,21,76.2,7,30,37,19,5,5,15,20,-15
MIL,MIL @ DET,44502,W,240,117,42,84,50,17,37,45.9,16,21,76.2,9,43,52,28,7,8,17,23,28
MIL,MIL vs. UTA,44500,L,240,95,39,96,40.6,12,41,29.3,5,6,83.3,13,31,44,16,7,3,11,22,-12
MIL,MIL vs. SAS,44499,L,240,93,36,89,40.4,10,39,25.6,11,16,68.8,9,43,52,20,6,2,21,18,-9
MIL,MIL vs. MIN,44496,L,240,108,39,95,41.1,14,51,27.5,16,21,76.2,13,30,43,22,10,3,9,18,-5
MIL,MIL @ IND,44494,W,240,119,41,85,48.2,11,32,34.4,26,31,83.9,7,35,42,24,13,6,14,19,10
MIL,MIL @ SAS,44492,W,240,121,44,83,53,15,35,42.9,18,22,81.8,7,37,44,21,6,5,22,15,10
MIL,MIL @ MIA,44490,L,240,95,32,84,38.1,12,42,28.6,19,29,65.5,5,33,38,19,6,0,15,26,-42
MIL,MIL vs. BKN,44488,W,240,127,48,105,45.7,17,45,37.8,14,18,77.8,13,41,54,25,8,9,8,19,23
MIN,MIN vs. SAC,44517,,120,70,27,59,45.8,4,22,18.2,12,13,92.3,7,19,26,12,8,6,13,19,3
MIN,MIN vs. PHX,44515,L,240,96,31,85,36.5,13,44,29.5,21,27,77.8,13,41,54,18,8,3,21,28,-3
MIN,MIN @ LAC,44513,L,240,102,40,102,39.2,11,36,30.6,11,16,68.8,12,29,41,25,8,6,11,15,-27
MIN,MIN @ LAL,44512,W,240,107,43,94,45.7,12,37,32.4,9,12,75,14,40,54,24,10,4,16,21,24
MIN,MIN @ GSW,44510,L,240,110,39,95,41.1,17,44,38.6,15,20,75,17,23,40,30,8,4,17,28,-13
MIN,MIN @ MEM,44508,L,265,118,41,97,42.3,17,45,37.8,19,23,82.6,15,30,45,23,7,8,16,27,-7
MIN,MIN vs. LAC,44505,L,240,84,31,89,34.8,17,52,32.7,5,7,71.4,7,35,42,17,8,7,22,33,-20
MIN,MIN vs. LAC,44503,L,240,115,43,94,45.7,14,40,35,15,16,93.8,15,24,39,27,11,2,17,16,-11
MIN,MIN vs. ORL,44501,L,240,97,36,97,37.1,14,51,27.5,11,19,57.9,16,31,47,21,8,1,14,20,-18
MIN,MIN vs. DEN,44499,L,240,91,35,89,39.3,13,41,31.7,8,9,88.9,15,31,46,21,8,6,20,23,-2
MIN,MIN @ MIL,44496,W,240,113,43,91,47.3,13,45,28.9,14,17,82.4,10,39,49,29,5,4,17,20,5
MIN,MIN vs. NOP,44494,L,240,98,31,90,34.4,15,50,30,21,27,77.8,11,30,41,20,10,7,11,19,-9
MIN,MIN vs. NOP,44492,W,240,96,39,96,40.6,12,38,31.6,6,10,60,13,34,47,22,13,8,20,25,7
MIN,MIN vs. HOU,44489,W,240,124,42,87,48.3,16,38,42.1,24,31,77.4,13,33,46,26,18,12,18,22,18
NOP,NOP @ MIA,44517,,180,86,29,68,42.6,8,31,25.8,20,24,83.3,8,28,36,15,5,3,17,20,-14
NOP,NOP @ WAS,44515,L,240,100,30,74,40.5,11,21,52.4,29,34,85.3,7,38,45,20,2,3,12,25,-5
NOP,NOP vs. MEM,44513,W,240,112,38,79,48.1,14,29,48.3,22,25,88,8,29,37,29,5,6,14,22,11
NOP,NOP vs. BKN,44512,L,240,112,43,88,48.9,13,32,40.6,13,16,81.3,12,31,43,26,6,5,16,26,-8
NOP,NOP vs. OKC,44510,L,240,100,34,97,35.1,9,35,25.7,23,32,71.9,19,31,50,24,13,5,10,20,-8
NOP,NOP @ DAL,44508,L,240,92,37,87,42.5,9,34,26.5,9,11,81.8,9,30,39,27,7,0,14,16,-16
NOP,NOP @ GSW,44505,L,240,85,31,88,35.2,11,44,25,12,16,75,11,31,42,23,6,3,19,18,-41
NOP,NOP @ SAC,44503,L,240,99,37,86,43,12,34,35.3,13,15,86.7,8,32,40,24,1,3,17,16,-13
NOP,NOP @ PHX,44502,L,240,100,36,91,39.6,13,39,33.3,15,16,93.8,14,29,43,21,17,6,18,16,-12
NOP,NOP vs. NYK,44499,L,240,117,42,92,45.7,11,33,33.3,22,24,91.7,12,31,43,30,7,3,12,24,-6
NOP,NOP vs. SAC,44498,L,240,109,42,98,42.9,9,34,26.5,16,25,64,13,36,49,18,9,6,10,22,-4
NOP,NOP vs. ATL,44496,L,240,99,40,93,43,11,36,30.6,8,9,88.9,9,35,44,24,5,6,10,19,-3
NOP,NOP @ MIN,44494,W,240,107,39,87,44.8,10,30,33.3,19,23,82.6,15,45,60,19,5,5,20,20,9
NOP,NOP @ MIN,44492,L,240,89,31,89,34.8,9,40,22.5,18,23,78.3,21,40,61,15,10,5,30,22,-7
NOP,NOP @ CHI,44491,L,240,112,42,87,48.3,15,29,51.7,13,16,81.3,9,33,42,26,7,5,17,20,-16
NOP,NOP vs. PHI,44489,L,240,97,39,93,41.9,13,30,43.3,6,9,66.7,10,34,44,28,5,6,14,16,-20
NYK,NYK vs. ORL,44517,,180,96,36,85,42.4,16,47,34,8,12,66.7,11,34,45,24,4,8,17,19,-4
NYK,NYK vs. IND,44515,W,240,92,37,86,43,11,34,32.4,7,10,70,8,38,46,22,1,5,12,15,8
NYK,NYK @ CHA,44512,L,240,96,36,93,38.7,13,35,37.1,11,18,61.1,14,37,51,17,8,5,19,22,-8
NYK,NYK vs. MIL,44510,L,240,100,36,83,43.4,16,37,43.2,12,17,70.6,7,31,38,19,9,10,11,17,-12
NYK,NYK @ PHI,44508,W,240,103,40,91,44,13,40,32.5,10,13,76.9,14,41,55,25,4,4,13,18,7
NYK,NYK vs. CLE,44507,L,240,109,39,85,45.9,9,31,29,22,24,91.7,7,25,32,21,9,9,11,14,-17
NYK,NYK @ MIL,44505,W,240,113,41,96,42.7,10,40,25,21,26,80.8,20,39,59,16,12,4,15,17,15
NYK,NYK @ IND,44503,L,240,98,36,87,41.4,5,24,20.8,21,27,77.8,14,32,46,23,7,6,10,19,-13
NYK,NYK vs. TOR,44501,L,240,104,35,76,46.1,16,38,42.1,18,24,75,7,34,41,20,3,4,17,13,-9
NYK,NYK @ NOP,44499,W,240,123,42,81,51.9,19,33,57.6,20,25,80,5,32,37,22,7,4,12,21,6
NYK,NYK @ CHI,44497,W,240,104,39,85,45.9,11,29,37.9,15,20,75,11,38,49,16,5,7,13,21,1
NYK,NYK vs. PHI,44495,W,240,112,41,87,47.1,16,37,43.2,14,15,93.3,13,32,45,24,7,5,15,18,13
NYK,NYK vs. ORL,44493,L,240,104,37,100,37,13,48,27.1,17,25,68,16,36,52,20,8,8,12,21,-6
NYK,NYK @ ORL,44491,W,240,121,44,88,50,24,54,44.4,9,17,52.9,6,32,38,34,10,4,11,19,25
NYK,NYK vs. BOS,44489,W,290,138,51,105,48.6,17,45,37.8,19,27,70.4,7,48,55,27,9,10,19,22,4
OKC,OKC vs. HOU,44517,,180,80,34,77,44.2,7,31,22.6,5,10,50,8,38,46,16,9,4,10,12,9
OKC,OKC vs. MIA,44515,L,240,90,34,83,41,15,41,36.6,7,10,70,9,33,42,26,6,10,20,15,-13
OKC,OKC vs. BKN,44514,L,240,96,36,90,40,14,45,31.1,10,11,90.9,10,34,44,20,9,2,14,22,-24
OKC,OKC vs. SAC,44512,W,240,105,42,99,42.4,10,30,33.3,11,15,73.3,16,36,52,13,8,6,10,18,2
OKC,OKC @ NOP,44510,W,240,108,37,87,42.5,10,34,29.4,24,30,80,13,43,56,23,6,4,18,23,8
OKC,OKC vs. SAS,44507,W,240,99,35,94,37.2,12,42,28.6,17,20,85,15,42,57,21,5,7,15,14,5
OKC,OKC @ LAL,44504,W,240,107,37,87,42.5,15,41,36.6,18,26,69.2,12,38,50,23,7,2,16,16,3
OKC,OKC @ LAC,44501,L,240,94,35,90,38.9,11,37,29.7,13,16,81.3,10,41,51,17,8,6,16,18,-5
OKC,OKC @ GSW,44499,L,240,82,29,83,34.9,8,39,20.5,16,21,76.2,3,42,45,14,8,6,16,8,-21
OKC,OKC vs. LAL,44496,W,240,123,43,86,50,15,37,40.5,22,29,75.9,10,32,42,21,8,3,16,16,8
OKC,OKC vs. GSW,44495,L,240,98,36,86,41.9,12,34,35.3,14,17,82.4,9,33,42,19,7,3,14,18,-8
OKC,OKC vs. PHI,44493,L,240,103,40,84,47.6,8,31,25.8,15,19,78.9,6,36,42,24,9,4,11,17,-12
OKC,OKC @ HOU,44491,L,240,91,34,91,37.4,14,43,32.6,9,16,56.3,8,31,39,22,9,4,19,21,-33
OKC,OKC @ UTA,44489,L,240,86,34,91,37.4,7,35,20,11,18,61.1,15,35,50,19,4,2,15,15,-21
ORL,ORL @ NYK,44517,,180,100,38,94,40.4,11,38,28.9,13,16,81.3,13,35,48,19,6,3,14,18,4
ORL,ORL @ ATL,44515,L,240,111,43,95,45.3,16,43,37.2,9,14,64.3,12,29,41,30,8,5,16,27,-18
ORL,ORL vs. WAS,44513,L,240,92,31,92,33.7,13,40,32.5,17,20,85,14,30,44,21,7,5,13,15,-12
ORL,ORL vs. BKN,44510,L,240,90,35,92,38,4,33,12.1,16,24,66.7,12,37,49,19,10,3,17,18,-33
ORL,ORL vs. UTA,44507,W,240,107,43,87,49.4,12,32,37.5,9,11,81.8,7,32,39,24,8,8,13,22,7
ORL,ORL vs. SAS,44505,L,240,89,35,89,39.3,12,41,29.3,7,10,70,7,36,43,23,9,12,18,13,-13
ORL,ORL vs. BOS,44503,L,240,79,27,84,32.1,9,43,20.9,16,20,80,8,38,46,15,8,1,15,20,-13
ORL,ORL @ MIN,44501,W,240,115,37,82,45.1,17,43,39.5,24,30,80,12,39,51,21,5,7,16,19,18
ORL,ORL @ DET,44499,L,240,103,38,87,43.7,16,32,50,11,15,73.3,12,34,46,21,5,6,18,21,-7
ORL,ORL @ TOR,44498,L,240,109,41,87,47.1,16,34,47.1,11,16,68.8,12,34,46,24,1,5,17,24,-1
ORL,ORL vs. CHA,44496,L,240,111,43,88,48.9,15,40,37.5,10,13,76.9,8,25,33,22,6,2,19,21,-9
ORL,ORL @ MIA,44494,L,240,90,33,81,40.7,12,44,27.3,12,19,63.2,6,33,39,21,7,6,18,22,-17
ORL,ORL @ NYK,44493,W,240,110,36,88,40.9,12,43,27.9,26,34,76.5,10,47,57,22,7,4,13,25,6
ORL,ORL vs. NYK,44491,L,240,96,33,83,39.8,17,43,39.5,13,15,86.7,9,37,46,24,5,3,19,18,-25
ORL,ORL @ SAS,44489,L,240,97,35,86,40.7,9,29,31,18,23,78.3,13,31,44,17,6,6,16,20,-26
PHI,PHI @ UTA,44516,L,240,85,33,90,36.7,6,29,20.7,13,17,76.5,6,36,42,19,5,5,9,16,-35
PHI,PHI @ IND,44513,L,240,113,38,89,42.7,12,23,52.2,25,29,86.2,18,28,46,16,11,2,14,22,-5
PHI,PHI vs. TOR,44511,L,240,109,40,88,45.5,11,34,32.4,18,19,94.7,9,30,39,29,8,8,12,16,-6
PHI,PHI vs. MIL,44509,L,240,109,42,103,40.8,14,43,32.6,11,12,91.7,13,33,46,21,7,7,7,20,-9
PHI,PHI vs. NYK,44508,L,240,96,35,91,38.5,13,40,32.5,13,16,81.3,12,35,47,20,7,6,9,13,-7
PHI,PHI @ CHI,44506,W,240,114,43,81,53.1,13,26,50,15,19,78.9,6,35,41,22,6,5,14,22,9
PHI,PHI @ DET,44504,W,240,109,41,83,49.4,12,32,37.5,15,22,68.2,15,34,49,22,8,3,15,17,11
PHI,PHI vs. CHI,44503,W,240,103,38,77,49.4,12,28,42.9,15,21,71.4,5,30,35,24,9,4,14,15,5
PHI,PHI vs. POR,44501,W,240,113,43,83,51.8,13,36,36.1,14,16,87.5,7,27,34,34,11,6,11,18,10
PHI,PHI vs. ATL,44499,W,240,122,46,86,53.5,12,38,31.6,18,19,94.7,5,32,37,24,11,6,12,24,28
PHI,PHI vs. DET,44497,W,240,110,38,76,50,12,27,44.4,22,24,91.7,6,40,46,22,7,9,21,23,8
PHI,PHI @ NYK,44495,L,240,99,36,82,43.9,12,41,29.3,15,17,88.2,12,28,40,24,9,4,15,14,-13
PHI,PHI @ OKC,44493,W,240,115,41,88,46.6,17,41,41.5,16,20,80,12,35,47,25,4,9,12,17,12
PHI,PHI vs. BKN,44491,L,240,109,43,91,47.3,14,36,38.9,9,11,81.8,5,30,35,17,8,9,10,21,-5
PHI,PHI @ NOP,44489,W,240,117,44,85,51.8,13,25,52,16,20,80,6,41,47,24,9,5,13,11,20
PHX,PHX @ MIN,44515,W,240,99,32,85,37.6,7,31,22.6,28,36,77.8,14,38,52,21,8,2,15,23,3
PHX,PHX @ HOU,44514,W,240,115,42,97,43.3,14,40,35,17,20,85,12,40,52,19,16,7,10,19,26
PHX,PHX @ MEM,44512,W,240,119,46,94,48.9,18,37,48.6,9,9,100,4,42,46,28,12,6,12,22,25
PHX,PHX vs. POR,44510,W,240,119,49,94,52.1,11,28,39.3,10,12,83.3,9,30,39,27,6,6,11,20,10
PHX,PHX @ SAC,44508,W,240,109,44,93,47.3,12,30,40,9,11,81.8,5,33,38,28,14,9,15,21,5
PHX,PHX vs. ATL,44506,W,240,121,45,88,51.1,14,43,32.6,17,21,81,5,37,42,26,8,6,12,22,4
PHX,PHX vs. HOU,44504,W,240,123,44,93,47.3,14,31,45.2,21,23,91.3,13,33,46,29,12,8,12,24,12
PHX,PHX vs. NOP,44502,W,240,112,43,82,52.4,9,26,34.6,17,18,94.4,7,35,42,32,8,4,19,17,12
PHX,PHX vs. CLE,44499,W,240,101,39,84,46.4,6,26,23.1,17,27,63,8,44,52,27,12,3,15,14,9
PHX,PHX vs. SAC,44496,L,240,107,42,93,45.2,6,22,27.3,17,24,70.8,14,42,56,23,6,6,11,16,-3
PHX,PHX @ POR,44492,L,240,105,43,89,48.3,9,28,32.1,10,15,66.7,7,31,38,27,6,1,14,19,-29
PHX,PHX @ LAL,44491,W,240,115,42,86,48.8,10,32,31.3,21,28,75,7,40,47,31,8,2,12,22,10
PHX,PHX vs. DEN,44489,L,240,98,36,87,41.4,14,37,37.8,12,17,70.6,11,34,45,23,9,3,18,18,-12
POR,POR vs. TOR,44515,W,240,118,46,82,56.1,16,36,44.4,10,14,71.4,7,32,39,25,6,7,14,15,5
POR,POR @ DEN,44514,L,240,95,35,80,43.8,13,39,33.3,12,13,92.3,8,28,36,22,8,4,13,15,-29
POR,POR @ HOU,44512,W,240,104,34,87,39.1,11,36,30.6,25,31,80.6,11,41,52,21,10,4,14,27,12
POR,POR @ PHX,44510,L,240,109,44,91,48.4,7,30,23.3,14,16,87.5,14,32,46,24,5,2,16,21,-10
POR,POR @ LAC,44509,L,240,109,43,91,47.3,14,37,37.8,9,12,75,9,34,43,29,6,5,10,15,-8
POR,POR vs. LAL,44506,W,240,105,36,95,37.9,15,55,27.3,18,24,75,12,40,52,22,14,7,12,21,15
POR,POR vs. IND,44505,W,240,110,40,82,48.8,17,39,43.6,13,15,86.7,6,36,42,27,7,4,14,15,4
POR,POR @ CLE,44503,L,240,104,40,90,44.4,13,37,35.1,11,17,64.7,10,29,39,24,12,6,9,19,-3
POR,POR @ PHI,44501,L,240,103,40,84,47.6,12,34,35.3,11,18,61.1,13,32,45,21,5,2,15,15,-10
POR,POR @ CHA,44500,L,240,113,43,97,44.3,17,54,31.5,10,11,90.9,15,32,47,30,4,5,12,18,-12
POR,POR vs. LAC,44498,W,240,111,41,98,41.8,19,41,46.3,10,16,62.5,16,47,63,21,8,6,14,19,19
POR,POR vs. MEM,44496,W,240,116,39,84,46.4,15,36,41.7,23,31,74.2,13,35,48,22,11,6,14,20,20
POR,POR @ LAC,44494,L,240,86,32,85,37.6,8,37,21.6,14,18,77.8,7,40,47,15,11,4,30,18,-30
POR,POR vs. PHX,44492,W,240,134,51,94,54.3,21,50,42,11,17,64.7,8,40,48,24,8,5,9,15,29
POR,POR vs. SAC,44489,L,240,121,45,93,48.4,12,35,34.3,19,22,86.4,9,40,49,25,5,5,13,22,-3
SAC,SAC @ MIN,44517,,120,67,24,67,35.8,7,26,26.9,12,17,70.6,15,20,35,14,4,3,18,14,-3
SAC,SAC @ DET,44515,W,240,129,52,98,53.1,16,33,48.5,9,11,81.8,11,36,47,32,11,5,14,17,22
SAC,SAC @ OKC,44512,L,240,103,38,95,40,14,41,34.1,13,17,76.5,11,38,49,20,5,7,14,12,-2
SAC,SAC @ SAS,44510,L,240,117,47,91,51.6,10,36,27.8,13,16,81.3,11,33,44,20,4,6,15,26,-19
SAC,SAC vs. PHX,44508,L,240,104,37,82,45.1,10,24,41.7,20,26,76.9,8,38,46,18,6,6,24,18,-5
SAC,SAC vs. IND,44507,L,240,91,31,84,36.9,10,34,29.4,19,22,86.4,8,25,33,20,14,6,12,18,-3
SAC,SAC vs. CHA,44505,W,240,140,48,87,55.2,22,44,50,22,26,84.6,13,43,56,29,5,1,18,21,30
SAC,SAC vs. NOP,44503,W,240,112,42,80,52.5,10,30,33.3,18,22,81.8,4,33,37,27,8,7,8,21,13
SAC,SAC @ UTA,44502,L,240,113,42,93,45.2,12,31,38.7,17,24,70.8,6,32,38,24,8,8,11,24,-6
SAC,SAC @ DAL,44500,L,240,99,38,96,39.6,7,36,19.4,16,20,80,17,39,56,20,6,3,13,19,-6
SAC,SAC @ NOP,44498,W,240,113,40,80,50,9,27,33.3,24,25,96,3,42,45,19,4,5,14,20,4
SAC,SAC @ PHX,44496,W,240,110,42,95,44.2,15,38,39.5,11,15,73.3,8,32,40,28,7,6,12,20,3
SAC,SAC vs. GSW,44493,L,240,107,42,86,48.8,15,46,32.6,8,13,61.5,10,37,47,26,0,4,19,16,-12
SAC,SAC vs. UTA,44491,L,240,101,39,99,39.4,8,36,22.2,15,21,71.4,16,36,52,20,15,5,15,22,-9
SAC,SAC @ POR,44489,W,240,124,42,92,45.7,17,41,41.5,23,29,79.3,7,36,43,24,6,4,10,22,3
SAS,SAS @ LAC,44516,L,240,92,41,95,43.2,5,22,22.7,5,7,71.4,6,35,41,26,10,4,16,17,-14
SAS,SAS @ LAL,44514,L,240,106,40,90,44.4,16,36,44.4,10,15,66.7,11,32,43,28,9,2,15,17,-8
SAS,SAS vs. DAL,44512,L,240,109,41,84,48.8,13,30,43.3,14,20,70,3,38,41,30,3,3,13,17,-14
SAS,SAS vs. SAC,44510,W,240,136,49,92,53.3,18,32,56.3,20,31,64.5,12,31,43,34,11,3,8,16,19
SAS,SAS @ OKC,44507,L,240,94,41,100,41,6,30,20,6,9,66.7,11,35,46,29,9,10,10,16,-5
SAS,SAS @ ORL,44505,W,240,102,40,90,44.4,6,19,31.6,16,18,88.9,5,43,48,23,11,7,13,14,13
SAS,SAS vs. DAL,44503,L,240,108,43,88,48.9,7,21,33.3,15,20,75,5,35,40,25,10,10,15,24,-1
SAS,SAS @ IND,44501,L,240,118,47,89,52.8,14,28,50,10,14,71.4,8,28,36,34,6,4,17,9,-13
SAS,SAS @ MIL,44499,W,240,102,39,95,41.1,7,31,22.6,17,24,70.8,8,41,49,28,12,3,10,13,9
SAS,SAS @ DAL,44497,L,240,99,39,88,44.3,12,30,40,9,15,60,11,37,48,21,6,11,15,16,-5
SAS,SAS vs. LAL,44495,L,265,121,48,108,44.4,13,36,36.1,12,22,54.5,16,43,59,33,10,6,16,22,-4
SAS,SAS vs. MIL,44492,L,240,111,48,99,48.5,10,39,25.6,5,6,83.3,10,28,38,29,10,4,13,18,-10
SAS,SAS @ DEN,44491,L,240,96,40,84,47.6,6,24,25,10,14,71.4,7,32,39,24,11,2,20,17,-6
SAS,SAS vs. ORL,44489,W,240,123,49,98,50,13,30,43.3,12,18,66.7,13,30,43,32,8,3,8,22,26
TOR,TOR @ POR,44515,L,240,113,41,89,46.1,15,33,45.5,16,18,88.9,12,27,39,20,7,2,11,17,-5
TOR,TOR vs. DET,44513,L,240,121,44,87,50.6,13,34,38.2,20,31,64.5,15,24,39,21,9,1,13,25,-6
TOR,TOR @ PHI,44511,W,240,115,42,96,43.8,14,33,42.4,17,17,100,16,31,47,25,10,7,12,18,6
TOR,TOR @ BOS,44510,L,240,88,33,77,42.9,6,25,24,16,19,84.2,6,35,41,20,8,8,18,17,-16
TOR,TOR vs. BKN,44507,L,240,103,41,87,47.1,7,30,23.3,14,18,77.8,8,27,35,23,10,6,8,16,-13
TOR,TOR vs. CLE,44505,L,240,101,42,99,42.4,12,27,44.4,5,9,55.6,19,26,45,20,10,8,10,19,-1
TOR,TOR @ WAS,44503,W,240,109,41,88,46.6,10,25,40,17,20,85,10,32,42,17,10,3,12,23,9
TOR,TOR @ NYK,44501,W,240,113,43,99,43.4,14,42,33.3,13,14,92.9,13,35,48,24,12,4,9,20,9
TOR,TOR @ IND,44499,W,240,97,39,92,42.4,11,32,34.4,8,12,66.7,12,36,48,18,8,4,18,17,3
TOR,TOR vs. ORL,44498,W,240,110,43,86,50,9,30,30,15,22,68.2,9,31,40,18,11,2,8,18,1
TOR,TOR vs. IND,44496,W,240,118,46,100,46,14,30,46.7,12,19,63.2,16,25,41,22,18,6,12,20,18
TOR,TOR vs. CHI,44494,L,240,108,40,83,48.2,12,30,40,16,20,80,13,34,47,27,8,1,21,18,-3
TOR,TOR vs. DAL,44492,L,240,95,34,85,40,11,37,29.7,16,23,69.6,11,38,49,17,7,6,12,23,-8
TOR,TOR @ BOS,44491,W,240,115,42,100,42,10,35,28.6,21,21,100,21,39,60,22,16,2,12,13,32
TOR,TOR vs. WAS,44489,L,240,83,30,97,30.9,7,34,20.6,16,22,72.7,19,35,54,14,10,4,19,21,-15
UTA,UTA vs. PHI,44516,W,240,120,46,89,51.7,16,38,42.1,12,19,63.2,6,50,56,27,5,8,11,20,35
UTA,UTA vs. MIA,44513,L,240,105,35,85,41.2,17,53,32.1,18,25,72,12,26,38,23,13,2,17,19,-6
UTA,UTA vs. IND,44511,L,240,100,39,83,47,9,32,28.1,13,23,56.5,7,30,37,22,6,4,12,16,-11
UTA,UTA vs. ATL,44509,W,240,110,41,81,50.6,15,38,39.5,13,16,81.3,8,36,44,21,8,4,15,20,12
UTA,UTA @ ORL,44507,L,240,100,34,89,38.2,8,42,19,24,29,82.8,16,34,50,21,10,7,18,17,-7
UTA,UTA @ MIA,44506,L,240,115,43,83,51.8,15,45,33.3,14,19,73.7,7,24,31,26,10,3,6,19,-3
UTA,UTA @ ATL,44504,W,240,116,41,81,50.6,17,41,41.5,17,23,73.9,8,38,46,30,6,4,17,20,18
UTA,UTA vs. SAC,44502,W,240,119,43,98,43.9,14,48,29.2,19,27,70.4,15,44,59,16,7,6,17,23,6
UTA,UTA @ MIL,44500,W,240,107,35,75,46.7,12,37,32.4,25,27,92.6,7,37,44,13,6,10,13,10,12
UTA,UTA @ CHI,44499,L,240,99,35,92,38,11,38,28.9,18,19,94.7,14,40,54,15,5,7,20,21,-8
UTA,UTA @ HOU,44497,W,240,122,41,85,48.2,16,46,34.8,24,30,80,10,48,58,24,8,4,20,23,31
UTA,UTA vs. DEN,44495,W,240,122,44,85,51.8,12,39,30.8,22,29,75.9,8,33,41,20,5,6,14,22,12
UTA,UTA @ SAC,44491,W,240,110,37,90,41.1,16,42,38.1,20,23,87,13,38,51,16,14,3,19,17,9
UTA,UTA vs. OKC,44489,W,240,107,40,91,44,14,47,29.8,13,15,86.7,12,41,53,18,6,5,10,19,21
WAS,WAS @ CHA,44517,L,240,87,33,90,36.7,8,42,19,13,16,81.3,11,37,48,23,7,5,11,12,-10
WAS,WAS vs. NOP,44515,W,240,105,39,84,46.4,10,28,35.7,17,25,68,6,36,42,23,9,4,6,22,5
WAS,WAS @ ORL,44513,W,240,104,42,84,50,12,35,34.3,8,10,80,7,41,48,29,6,7,16,17,12
WAS,WAS @ CLE,44510,W,240,97,35,84,41.7,10,28,35.7,17,17,100,12,37,49,25,9,2,12,20,3
WAS,WAS vs. MIL,44507,W,240,101,41,81,50.6,11,27,40.7,8,13,61.5,4,38,42,24,8,8,19,16,7
WAS,WAS vs. MEM,44505,W,240,115,49,84,58.3,10,25,40,7,13,53.8,5,48,53,34,4,6,19,13,28
WAS,WAS vs. TOR,44503,L,240,100,34,78,43.6,8,32,25,24,30,80,10,34,44,19,6,7,13,15,-9
WAS,WAS @ ATL,44501,L,240,111,41,86,47.7,13,39,33.3,16,16,100,7,29,36,27,7,4,12,24,-7
WAS,WAS vs. BOS,44499,W,290,115,38,104,36.5,10,36,27.8,29,36,80.6,12,50,62,19,6,7,13,22,3
WAS,WAS vs. ATL,44497,W,240,122,46,99,46.5,13,34,38.2,17,21,81,14,37,51,26,6,4,9,16,11
WAS,WAS @ BOS,44496,W,240,116,43,84,51.2,9,25,36,21,29,72.4,11,36,47,18,8,7,16,20,9
WAS,WAS @ BKN,44494,L,240,90,33,95,34.7,9,39,23.1,15,20,75,10,43,53,16,5,5,12,17,-14
WAS,WAS vs. IND,44491,W,265,135,49,94,52.1,19,38,50,18,19,94.7,6,32,38,24,5,6,9,21,1
WAS,WAS @ TOR,44489,W,240,98,36,81,44.4,5,27,18.5,21,26,80.8,7,44,51,20,14,8,22,17,15
